job_id,job_title,company,location,salary,tags,job_url,date_scraped
1129459,Graphic Design Technical Mentor,ALX Africa,Remote,,"design, students, training, technical, software, digital nomad",https://remoteOK.com/remote-jobs/remote-graphic-design-technical-mentor-alx-africa-1129459,2026-01-08
1129458,Customer Support Specialist,Front,,,"salesforce, technical, support, testing, voice, health, recruiting",https://remoteOK.com/remote-jobs/remote-customer-support-specialist-front-1129458,2026-01-08
1129457,Quality Assurance Engineer Manual,Elligint Health,Remote,,"testing, test, medical, health, healthcare, engineer",https://remoteOK.com/remote-jobs/remote-quality-assurance-engineer-manual-elligint-health-1129457,2026-01-08
1129455,Staff Software Engineer Crypto,Robinhood,New York,,"crypto, software, design, cryptocurrency, system, security, technical, support, financial, finance, lead, junior, engineer, engineering, digital nomad",https://remoteOK.com/remote-jobs/remote-staff-software-engineer-crypto-robinhood-1129455,2026-01-08
1129454,Junior Software Developer Full Stack,KOHO,,,"developer, software, design, react, rabbitmq, frontend, docker, support, code, web, javascript, financial, cloud, git, postgresql, angular, api, mobile, senior, junior, operations, operational, go, recruitment, backend, digital nomad",https://remoteOK.com/remote-jobs/remote-junior-software-developer-full-stack-koho-1129454,2026-01-08
1129453,Senior HubSpot Developer,Softermii,Remote,,"developer, 3d, software, web, video, education, mobile, senior, digital nomad",https://remoteOK.com/remote-jobs/remote-senior-hubspot-developer-softermii-1129453,2026-01-08
1129452,Owner IT Support Engineer,Owner,Remote,,"support, engineer",https://remoteOK.com/remote-jobs/remote-owner-it-support-engineer-owner-1129452,2026-01-08
1129451,Customer Success Manager,Federato,Remote,,manager,https://remoteOK.com/remote-jobs/remote-customer-success-manager-federato-1129451,2026-01-08
1129450,Senior Product Designer Ticketing,PlayOn,Remote,,"design, system, teach, students, designer, technical, web, mobile, leader, strategy, management, lead, senior, marketing, reliability, health, full-time, part-time, digital nomad",https://remoteOK.com/remote-jobs/remote-senior-product-designer-ticketing-playon-1129450,2026-01-08
1129449,Assistant Manager Social Media,Interview Kickstart,Remote,,"manager, assistant, system, ceo, support, leader, content, senior, engineering, executive",https://remoteOK.com/remote-jobs/remote-assistant-manager-social-media-interview-kickstart-1129449,2026-01-08
1129448,Customer Support Agent,Clerk Chat,Remote,,"support, telecom, non tech",https://remoteOK.com/remote-jobs/remote-customer-support-agent-clerk-chat-1129448,2026-01-08
1129447,Content and Communications Lead,Recidiviz,Remote,,"support, software, lead, content, marketing",https://remoteOK.com/remote-jobs/remote-content-and-communications-lead-recidiviz-1129447,2026-01-08
1129446,Art Director,Digital Media Management,United States,,"director, design, training, software, growth, video, cloud, strategy, exec, management, lead, marketing, health, illustrator, digital nomad",https://remoteOK.com/remote-jobs/remote-art-director-digital-media-management-1129446,2026-01-08
1129445,Lead Omics Workflow Engineer,Axle,Remote,,"software, assistant, lead, health, healthcare, engineer, educational",https://remoteOK.com/remote-jobs/remote-lead-omics-workflow-engineer-axle-1129445,2026-01-08
1129444,ERP Systems Manager,DISHER,Remote,,"manager, system, security, training, technical, support, testing, qa, financial, microsoft, leader, management, operational, engineering",https://remoteOK.com/remote-jobs/remote-erp-systems-manager-disher-1129444,2026-01-08
1129443,Copy of Senior AI ML Engineer Applied Machine Learning,Trase Systems,USA,,"senior, engineer",https://remoteOK.com/remote-jobs/remote-copy-of-senior-ai-ml-engineer-applied-machine-learning-trase-systems-1129443,2026-01-08
1129442,Senior Software Engineer Backend Engineering,Trase Systems,Remote,,"software, senior, engineer, engineering, backend",https://remoteOK.com/remote-jobs/remote-senior-software-engineer-backend-engineering-trase-systems-1129442,2026-01-08
1129441,Account Manager,Digible,Remote,,"manager, marketing, analytics, non tech",https://remoteOK.com/remote-jobs/remote-account-manager-digible-1129441,2026-01-08
1129440,Senior Software Engineer Frontend Engineering,Trase Systems,Remote,,"frontend, software, senior, engineer, engineering",https://remoteOK.com/remote-jobs/remote-senior-software-engineer-frontend-engineering-trase-systems-1129440,2026-01-08
1129439,AI Developer 1551,Highstreet,United States,,"developer, design, technical, support, software, test, education, cloud, microsoft, senior, operational, sales, reliability, engineering, digital nomad",https://remoteOK.com/remote-jobs/remote-ai-developer-1551-highstreet-1129439,2026-01-08
1129438,Software Engineer Agent Infrastructure,OpenAI,,,"software, design, system, security, training, technical, cloud, engineer, engineering, digital nomad",https://remoteOK.com/remote-jobs/remote-software-engineer-agent-infrastructure-openai-1129438,2026-01-08
1129437,Software Engineer,Tech Solutions Inc.,San Francisco,,"software, web, engineer",https://remoteOK.com/remote-jobs/remote-software-engineer-tech-solutions-inc-1129437,2026-01-08
1129436,Senior Backend PHP Software Engineer Inventory,Cloudbeds,Minnesota,,"software, saas, amazon, web, php, strategy, senior, operations, engineer, backend",https://remoteOK.com/remote-jobs/remote-senior-backend-php-software-engineer-inventory-cloudbeds-1129436,2026-01-08
1129435,Senior Backend PHP Software Engineer Inventory,Cloudbeds,Michigan,,"software, saas, amazon, web, php, strategy, senior, operations, engineer, backend",https://remoteOK.com/remote-jobs/remote-senior-backend-php-software-engineer-inventory-cloudbeds-1129435,2026-01-08
1129434,Senior Backend PHP Software Engineer Inventory,Cloudbeds,Massachusetts,,"software, saas, amazon, web, php, strategy, senior, operations, engineer, backend",https://remoteOK.com/remote-jobs/remote-senior-backend-php-software-engineer-inventory-cloudbeds-1129434,2026-01-08
1129430,Associate Growth Marketer API,CoinGecko,Malaysia,,"growth, design, cryptocurrency, support, financial, education, seo, api, leader, content, marketer, marketing, analytics, internship, digital nomad",https://remoteOK.com/remote-jobs/remote-associate-growth-marketer-api-coingecko-1129430,2026-01-08
1129429,Site Reliability Engineer,Bobsled,US/Canada,,"technical, operational, analytics, reliability, engineer, engineering",https://remoteOK.com/remote-jobs/remote-site-reliability-engineer-bobsled-1129429,2026-01-08
1129427,Video Editor,Interview Kickstart,Remote,,"system, ceo, video, leader, content, senior, engineering, educational",https://remoteOK.com/remote-jobs/remote-video-editor-interview-kickstart-1129427,2026-01-08
1129407,Content Marketing Manager,CertiK,US / Remote,,"manager, web3, security, technical, support, growth, seo, strategy, management, content, marketing, excel, sales, full-time",https://remoteOK.com/remote-jobs/remote-content-marketing-manager-certik-1129407,2026-01-08
1129406,Head of Paid Search,Wpromote,"Remote, United States",,"security, support, growth, financial, education, investment, strategy, management, lead, content, operational, marketing, recruiting, executive",https://remoteOK.com/remote-jobs/remote-head-of-paid-search-wpromote-1129406,2026-01-08
1129404,Online Hotel Reservationist Fully,Destination Knot,New York,,"growth, travel",https://remoteOK.com/remote-jobs/remote-online-hotel-reservationist-fully-destination-knot-1129404,2026-01-08
1129403,Full Stack Product Engineer,Jiga,,,"senior, javascript, react, node, mongo, engineer, full stack",https://remoteOK.com/remote-jobs/remote-full-stack-product-engineer-jiga-1129403,2026-01-08
1129401,Account Executive,Qualio,North America,,"saas, salesforce, growth, management, sales, executive",https://remoteOK.com/remote-jobs/remote-account-executive-qualio-1129401,2026-01-08
1129400,Associate Technical Support Engineer,Recharge,Remote,,"technical, support, engineer",https://remoteOK.com/remote-jobs/remote-associate-technical-support-engineer-recharge-1129400,2026-01-08
1129399,Senior Software Engineer,Bugcrowd,India,,"software, design, security, cloud, api, senior, engineer, engineering, digital nomad",https://remoteOK.com/remote-jobs/remote-senior-software-engineer-bugcrowd-1129399,2026-01-08
1129398,Staff Software Engineer,Malt,France,,"software, design, technical, support, code, java, cloud, strategy, lead, senior, operational, excel, engineer, engineering, backend, digital nomad",https://remoteOK.com/remote-jobs/remote-staff-software-engineer-malt-1129398,2026-01-08
1129397,Espresso,Espresso,Remote,,,https://remoteOK.com/remote-jobs/remote-espresso-espresso-1129397,2026-01-08
1129396,SQUIRE,SQUIRE,Remote,,,https://remoteOK.com/remote-jobs/remote-squire-squire-1129396,2026-01-08
1129395,Coding Bootcampï¹£Job Guaranteed,Metana,,,"No Tech Background Needed, Job or 100% Money Back",https://remoteOK.com/remote-jobs/remote-coding-bootcamp-job-guaranteed-metana-1129395,2026-01-08
1129394,Executive Assistant Operations Virtual Assistant,Assist World,,,"assistant, system, consulting, founder, support, bookkeeping, financial, admin, management, operations, executive",https://remoteOK.com/remote-jobs/remote-executive-assistant-operations-virtual-assistant-assist-world-1129394,2026-01-08
1129393,Marketing &amp; Sponsorship Coordinator,Assist World,,,"coordinator, support, content, marketing, sales, non tech",https://remoteOK.com/remote-jobs/remote-marketing-amp-sponsorship-coordinator-assist-world-1129393,2026-01-08
1129390,Staff Software Engineer Money,Galileo Financial Technologies,New York City,,"software, finance, financial, banking, excel, analytics, engineer, engineering",https://remoteOK.com/remote-jobs/remote-staff-software-engineer-money-galileo-financial-technologies-1129390,2026-01-08
1129389,Senior Cloud Engineer,ClickHouse,United States,,"security, architect, c, cloud, senior, engineer",https://remoteOK.com/remote-jobs/remote-senior-cloud-engineer-clickhouse-1129389,2026-01-08
1129388,Regional Director Public Sector Sales DOW,Chainguard,Washington DC,,"director, security, software, cloud, management, marketing, sales",https://remoteOK.com/remote-jobs/remote-regional-director-public-sector-sales-dow-chainguard-1129388,2026-01-08
1129387,Senior Staff AI Software Engineer,Aegis Ventures,"Remote, U.S.",,"software, python, technical, growth, senior, operational, health, healthcare, engineer, backend",https://remoteOK.com/remote-jobs/remote-senior-staff-ai-software-engineer-aegis-ventures-1129387,2026-01-08
1129385,Security Architect,Dexterity,Redwood City,,"security, architect, python, full-stack, docker, software, devops, c++, cloud, robotics, git, operations",https://remoteOK.com/remote-jobs/remote-security-architect-dexterity-1129385,2026-01-08
1129384,Member of Technical Staff Fullstack Engineer,Inflection AI,Palo Alto,,"technical, support, engineer, engineering, backend, fullstack",https://remoteOK.com/remote-jobs/remote-member-of-technical-staff-fullstack-engineer-inflection-ai-1129384,2026-01-08
1129383,Staff Software Engineer Simulation,Muon Space,San Jose,,"software, design, system, web, cloud, api, operations, engineer, engineering, digital nomad",https://remoteOK.com/remote-jobs/remote-staff-software-engineer-simulation-muon-space-1129383,2026-01-08
1129382,Software Engineer Networking Software and Services,xAI,Remote,,"software, support, travel, reliability, engineer, engineering",https://remoteOK.com/remote-jobs/remote-software-engineer-networking-software-and-services-xai-1129382,2026-01-08
1129381,Client Success Executive Wayforge,SBI Growth,Remote,,"marketing, consulting, growth, management, executive",https://remoteOK.com/remote-jobs/remote-client-success-executive-wayforge-sbi-growth-1129381,2026-01-08
1129380,WNS Global Services,WNS Global Services,India,,,https://remoteOK.com/remote-jobs/remote-wns-global-services-wns-global-services-1129380,2026-01-08
1129379,Virtual Operations Manager,Women Builders Council,,,"full time, other",https://remoteOK.com/remote-jobs/remote-virtual-operations-manager-women-builders-council-1129379,2026-01-08
1129378,Client Success Manager Coupa,CrossCountry Consulting,United States,,"consulting, manager, saas, support, software, growth, travel, accounting, financial, post-production, microsoft, management, lead, operational, excel, sales, health, healthcare",https://remoteOK.com/remote-jobs/remote-client-success-manager-coupa-crosscountry-consulting-1129378,2026-01-08
1129377,Social Media Manager Platform,Digital Media Management,United States,,"manager, training, copywriting, growth, video, strategy, exec, management, content, marketing, analytics, health",https://remoteOK.com/remote-jobs/remote-social-media-manager-platform-digital-media-management-1129377,2026-01-08
1129376,IT Operations Specialist,MyFunded Futures,Remote,,"security, support, financial, mobile, operations",https://remoteOK.com/remote-jobs/remote-it-operations-specialist-myfunded-futures-1129376,2026-01-08
1129375,Senior Software Engineer,Chainguard,Remote,,"software, design, cloud, management, senior, go, engineer, engineering, backend, digital nomad",https://remoteOK.com/remote-jobs/remote-senior-software-engineer-chainguard-1129375,2026-01-08
1129374,Senior Specialist Senior Accountant Shared Financial Services,Make-A-Wish America,Remote,,"accountant, accounting, financial, senior",https://remoteOK.com/remote-jobs/remote-senior-specialist-senior-accountant-shared-financial-services-make-a-wish-america-1129374,2026-01-08
1129373,Senior Product Manager,Agile Six,United States,,"manager, growth, senior",https://remoteOK.com/remote-jobs/remote-senior-product-manager-agile-six-1129373,2026-01-08
1129371,Senior Engineering Manager Infrastructure,MZLA Technologies Corporation,Remote Canada,,"manager, senior, engineering",https://remoteOK.com/remote-jobs/remote-senior-engineering-manager-infrastructure-mzla-technologies-corporation-1129371,2026-01-08
1129370,Work From Home Benefits Services Representative,Global Elite Texas,"Portland, Maine",,"security, training, architect, test, growth, financial, video, part-time",https://remoteOK.com/remote-jobs/remote-work-from-home-benefits-services-representative-global-elite-texas-1129370,2026-01-08
1129369,Senior Infrastructure Engineer,Paradigm Health,Remote - United States,,"security, devops, cloud, senior, medical, healthcare, engineer, engineering",https://remoteOK.com/remote-jobs/remote-senior-infrastructure-engineer-paradigm-health-1129369,2026-01-08
1129368,Senior Software Developer II Cloud,Life360,"Remote, Canada",,"developer, software, cloud, php, mobile, senior, operations, go, backend, digital nomad",https://remoteOK.com/remote-jobs/remote-senior-software-developer-ii-cloud-life360-1129368,2026-01-08
1129367,HR Administrator,Offshore Launch,Remote,,"hr, growth, payroll, administrator, operations",https://remoteOK.com/remote-jobs/remote-hr-administrator-offshore-launch-1129367,2026-01-08
1129366,Product Designer,Ahrefs,Remote,,"design, designer, technical, software, manager, lead, senior, marketing, sales, engineering, recruitment, digital nomad",https://remoteOK.com/remote-jobs/remote-product-designer-ahrefs-1129366,2026-01-08
1129365,Client Success Manager,Offshore Launch,Remote,,"manager, support, growth, operations, full-time",https://remoteOK.com/remote-jobs/remote-client-success-manager-offshore-launch-1129365,2026-01-08
1129364,Full Stack Developer,MicroVentures,Texas,,"developer, laravel, senior, engineering, digital nomad",https://remoteOK.com/remote-jobs/remote-full-stack-developer-microventures-1129364,2026-01-08
1129363,Sales Development Manager,Dune,London,,"manager, saas, crypto, technical, travel, scheme, strategy, lead, analytics, sales, go, health, engineering, part-time",https://remoteOK.com/remote-jobs/remote-sales-development-manager-dune-1129363,2026-01-08
1129362,Current job openings,Databricks,Remote,,,https://remoteOK.com/remote-jobs/remote-current-job-openings-databricks-1129362,2026-01-08
1129361,Senior Business Analyst,Xpansiv,Remote,,"analyst, design, system, security, technical, recruiter, support, testing, manager, education, microsoft, management, lead, senior, operational, recruiting, digital nomad",https://remoteOK.com/remote-jobs/remote-senior-business-analyst-xpansiv-1129361,2026-01-08
1129360,Project Coordinator Contract,INFUSE,Remote,,"security, coordinator, test, manager, video, recruiting, non tech",https://remoteOK.com/remote-jobs/remote-project-coordinator-contract-infuse-1129360,2026-01-08
1129359,Commercial Sales Engineer Central,Chainguard,United States,,"security, technical, support, serverless, cloud, sales, engineer",https://remoteOK.com/remote-jobs/remote-commercial-sales-engineer-central-chainguard-1129359,2026-01-08
1129358,Business Development Manager,Unlimit,,,"manager, crypto, support, growth, financial, fintech, strategy, recruiting, executive",https://remoteOK.com/remote-jobs/remote-business-development-manager-unlimit-1129358,2026-01-08
1129357,Motion Designer,Alpaca,Remote - North America,,"design, crypto, designer, technical, ui, web, financial, video, investment, c, api, mobile, digital nomad",https://remoteOK.com/remote-jobs/remote-motion-designer-alpaca-1129357,2026-01-08
1129356,Social Media Content Specialist,AllTrails,Remote,,"design, support, growth, video, education, investment, content, digital nomad",https://remoteOK.com/remote-jobs/remote-social-media-content-specialist-alltrails-1129356,2026-01-08
1129355,Senior Backend Software Engineer,Teleport,United States,,"software, security, recruiter, code, education, cloud, senior, go, health, engineer, engineering, linux, backend",https://remoteOK.com/remote-jobs/remote-senior-backend-software-engineer-teleport-1129355,2026-01-08
1129354,DevOps Software Engineer Energy Storage,Redwood Materials,San Francisco,,"software, growth, web, devops, operations, engineer",https://remoteOK.com/remote-jobs/remote-devops-software-engineer-energy-storage-redwood-materials-1129354,2026-01-08
1129353,Business Systems Analyst,NASA Federal Credit Union,Remote,,"analyst, design, system, training, technical, support, software, investment, microsoft, management, junior, operational, part-time, digital nomad",https://remoteOK.com/remote-jobs/remote-business-systems-analyst-nasa-federal-credit-union-1129353,2026-01-08
1129352,Customer Experience Associate New Req,Koala Health,Remote,,"technical, support, web, voice, medical, health, healthcare",https://remoteOK.com/remote-jobs/remote-customer-experience-associate-new-req-koala-health-1129352,2026-01-08
1129351,Frontend Engineer Trading Platform,MyFunded Futures,Remote,,"frontend, design, test, code, financial, api, engineer, backend, digital nomad",https://remoteOK.com/remote-jobs/remote-frontend-engineer-trading-platform-myfunded-futures-1129351,2026-01-08
1129350,Internal Controls &amp; Policy Adherence Testing Analyst,CloudWalk,United States,,"testing, analyst, design, technical, support, test, financial, operations, operational, engineering, digital nomad",https://remoteOK.com/remote-jobs/remote-internal-controls-amp-policy-adherence-testing-analyst-cloudwalk-1129350,2026-01-08
1129349,Frontend Product Engineer,Mento,Remote,,"frontend, design, growth, engineer, engineering, digital nomad",https://remoteOK.com/remote-jobs/remote-frontend-product-engineer-mento-1129349,2026-01-08
1129348,Commercial P&amp;C Support Representative,Thimble,United States,,"training, technical, support, software, sales, health",https://remoteOK.com/remote-jobs/remote-commercial-pampc-support-representative-thimble-1129348,2026-01-08
1129347,Content Manager,Terra,U.S.,,"manager, design, writer, support, ux, seo, leader, strategy, lead, content, senior, marketing, health, healthcare, digital nomad",https://remoteOK.com/remote-jobs/remote-content-manager-terra-1129347,2026-01-08
1129346,Associate Clinical Director Oncology,Private Health Management,Remote,,"director, manager, exec, management, lead, go, medical, health, healthcare",https://remoteOK.com/remote-jobs/remote-associate-clinical-director-oncology-private-health-management-1129346,2026-01-08
1129345,Recovery Analyst Underpayments,Trend Health Partners,Remote,,"analyst, system, software, microsoft, excel, medical, health, healthcare",https://remoteOK.com/remote-jobs/remote-recovery-analyst-underpayments-trend-health-partners-1129345,2026-01-08
1129344,Cloud Full Stack Python Software Engineer US,"Railroad19, Inc",U.S. Remote,,"python, software, react, technical, code, serverless, cloud, nosql, angular, health, engineer, engineering, full-time",https://remoteOK.com/remote-jobs/remote-cloud-full-stack-python-software-engineer-us-railroad19-inc-1129344,2026-01-08
1129343,Customer Care Specialist Inbound Phone Support,HONK,Remote,,"support, growth, operations, operational, sales, full-time",https://remoteOK.com/remote-jobs/remote-customer-care-specialist-inbound-phone-support-honk-1129343,2026-01-08
1129341,Staff Software Engineer Backend with Close 10 years of experience,Outreach,Hyderabad,,"software, design, technical, code, microsoft, senior, sales, engineer, backend, digital nomad",https://remoteOK.com/remote-jobs/remote-staff-software-engineer-backend-with-close-10-years-of-experience-outreach-1129341,2026-01-08
1129340,Technical Program Associate,GiveDirectly,London,,"technical, software, financial, operations",https://remoteOK.com/remote-jobs/remote-technical-program-associate-givedirectly-1129340,2026-01-08
1129339,Full Stack Engineer Contacts,Calendly,Remote - US,,"design, saas, react, front-end, technical, software, growth, web, cloud, node.js, engineer, engineering, backend, digital nomad",https://remoteOK.com/remote-jobs/remote-full-stack-engineer-contacts-calendly-1129339,2026-01-08
1129337,Product Security Engineer DeFi,FalconX,New York City,,"defi, security, design, crypto, cryptocurrency, support, code, financial, finance, management, engineer, engineering, digital nomad",https://remoteOK.com/remote-jobs/remote-product-security-engineer-defi-falconx-1129337,2026-01-08
1129336,Senior Frontend Engineer,Arize AI,Remote,,"frontend, react, typescript, api, senior, junior, engineer, engineering, backend",https://remoteOK.com/remote-jobs/remote-senior-frontend-engineer-arize-ai-1129336,2026-01-08
1129335,Site Reliability Engineer,Wormhole Foundation,Remote,,"security, support, operational, reliability, engineer",https://remoteOK.com/remote-jobs/remote-site-reliability-engineer-wormhole-foundation-1129335,2026-01-08
1129334,Product Manager Wallet SDKs,Startale,Remote,,manager,https://remoteOK.com/remote-jobs/remote-product-manager-wallet-sdks-startale-1129334,2026-01-08
1129333,Growth Marketing Manager,InfStones,Texas,,"growth, manager, web3, node, mobile, management, marketing, analytics, sales, full-time",https://remoteOK.com/remote-jobs/remote-growth-marketing-manager-infstones-1129333,2026-01-08
1129332,Senior Data Engineer,Nansen.ai,"Remote EMEA, Remote Asia",,"crypto, software, senior, operational, analytics, engineer, engineering",https://remoteOK.com/remote-jobs/remote-senior-data-engineer-nansen-ai-1129332,2026-01-08
1129331,Social Media Manager,GiveDirectly,Nairobi,,"manager, software, financial, management, operations",https://remoteOK.com/remote-jobs/remote-social-media-manager-givedirectly-1129331,2026-01-08
